<?xml version="1.0" encoding="UTF-8" ?>
<?xml-stylesheet href="musique2.xsl" type="text/xsl"?>


<Catalogue>

<CD>
<Titre>Hide your heart</Titre>
<Artiste>Bonnie Tyler</Artiste>
<Pays>UK</Pays>
<Companie>CBS Records</Companie>
<Prix>9.90</Prix>
<Annee>1988</Annee>
</CD>
<CD>
<Titre>Eros</Titre>
<Artiste>Eros Ramazzotti</Artiste>
<Pays>EU</Pays>
<Companie>BMG</Companie>
<Prix>9.90</Prix>
<Annee>1997</Annee>
</CD>
<CD>
<Titre>Still got the blues</Titre>
<Artiste>Gary Moore</Artiste>
<Pays>UK</Pays>
<Companie>Virgin records</Companie>
<Prix>10.20</Prix>
<Annee>1990</Annee>
</CD>
<CD>></CD>
<CD>
<Titre>One night only</Titre>
<Artiste>Bee Gees</Artiste>
<Pays>UK</Pays
><Companie>Polydor</Companie>
<Prix>10.90</Prix>
<Annee>1998</Annee>
</CD>
<CD>
<Titre>Maggie May</Titre>
<Artiste>Rod Stewart</Artiste>
<Pays>UK</Pays>
<Companie>Pickwick</Companie>
<Prix>8.50</Prix>
<Annee>1990</Annee>
</CD>
<CD>
<Titre>Romanza</Titre>
<Artiste>Andrea Bocelli</Artiste>
<Pays>EU</Pays>
<Companie>Polydor</Companie>
<Prix>10.80</Prix>
<Annee>1996</Annee>
</CD>
<CD>
<Titre>When a man loves a woman</Titre>
<Artiste>Percy Sledge</Artiste>
<Pays>USA</Pays>
<Companie>Atlantic</Companie>
<Prix>8.70</Prix>
<Annee>1987</Annee>
</CD>
<CD>
<Titre>Black angel</Titre>
<Artiste>Savage Rose</Artiste>
<Pays>EU</Pays>
<Companie>Mega</Companie>
<Prix>10.90</Prix>
<Annee>1995</Annee>
</CD>
<CD>
<Titre>Big Willie style</Titre>
<Artiste>Will Smith</Artiste>
<Pays>USA</Pays>
<Companie>Columbia</Companie>
<Prix>9.90</Prix>
<Annee>1997</Annee>
</CD>
<CD>
<Titre>Tupelo Honey</Titre>
<Artiste>Van Morrison</Artiste>
<Pays>UK</Pays>
<Companie>Polydor</Companie>
<Prix>8.20</Prix>
<Annee>1971</Annee>
</CD>
<CD>
<Titre>Private Dancer</Titre>
<Artiste>Tina Turner</Artiste>
<Pays>UK</Pays>
<Companie>Capitol</Companie>
<Prix>8.90</Prix>
<Annee>1983</Annee>
</CD>
<CD>
<Titre>Pavarotti Gala Concert</Titre>
<Artiste>Luciano Pavarotti</Artiste>
<Pays>UK</Pays>
<Companie>DECCA</Companie>
<Prix>9.90</Prix>
<Annee>1991</Annee>
</CD>
<CD>
<Titre>The dock of the bay</Titre>
<Artiste>Otis Redding</Artiste>
<Pays>USA</Pays>
<Companie>Atlantic</Companie>
<Prix>7.90</Prix>
<Annee>1987</Annee>
</CD>
<CD>
<Titre>Picture book</Titre>
<Artiste>Simply Red</Artiste>
<Pays>EU</Pays>
<Companie>Elektra</Companie>
<Prix>7.20</Prix>
<Annee>1985</Annee>
</CD>
</Catalogue>
